Filename,Best,Function,NumEvals,X,Y,Z,RunTime_sec,objf
mendel_extruder.stl,1,0.16518822403459532,479,0.05736135464690215,0.996534861350229,0.06023242570868711,00:06:14.4965489,0
mendel_extruder.stl,2,0.16661585020446162,479,-0.042094616589400245,0.9836049410042284,0.17535496367727968,00:06:14.4965489,0
mendel_extruder.stl,3,0.17250823556640926,479,0.12012984221930126,-0.9691655983044641,-0.21514382182976038,00:06:14.4965489,0
mendel_extruder.stl,4,0.17617725757873107,479,-0.11641270323828615,-0.9930085869452557,-0.01954555647048946,00:06:14.4965489,0
mendel_extruder.stl,5,0.17889723387556827,479,-0.34563863164811426,0.2686981004572591,-0.8990746727180562,00:06:14.4965489,0
mendel_extruder.stl,6,0.18052745200400194,479,0.29191697201397754,-0.24278999721361616,0.925114857033008,00:06:14.4965489,0
mendel_extruder.stl,7,0.2038263793348688,479,-0.9161766318295389,-0.19709888014939467,0.34895903876148016,00:06:14.4965489,0
mendel_extruder.stl,8,0.2045526105624736,479,0.9159536914054024,0.19743235394420466,-0.34935555071712704,00:06:14.4965489,0
mendel_extruder.stl,9,0.25348673872979094,479,0.5951936659373805,-0.22346722832839758,0.7718852880391269,00:06:14.4965489,0
